id,scenario_group,split,report,context,priority,immediate_escalation,needs_clarification,follow_up_question,reason,source_ids,review_status
H01-1,H01,train,Someone is dying.,null,high,True,True,"Are they responding, and are they breathing normally?",A literal current report of possible death needs immediate assessment despite missing details.,POLICY;000,needs_qualified_clinical_review
H01-2,H01,train,help somone is dieing at the gate come now,null,high,True,True,"Are they responding, and are they breathing normally?",A literal current report of possible death needs immediate assessment despite missing details.,POLICY;000,needs_qualified_clinical_review
H02-1,H02,train,Someone fell down the stairs and is unconscious.,null,high,True,True,Are they breathing normally?,Unresponsiveness following a fall is an emergency warning sign.,POLICY;HEAD,needs_qualified_clinical_review
H02-2,H02,train,fell off the steps hit their head wont wake up,null,high,True,True,Are they breathing normally?,Unresponsiveness following a fall is an emergency warning sign.,POLICY;HEAD,needs_qualified_clinical_review
H03-1,H03,train,"They collapsed, won't respond, and aren't breathing.",null,high,True,False,,Unresponsiveness with absent or abnormal breathing requires immediate escalation.,POLICY;HEART,needs_qualified_clinical_review
H03-2,H03,train,person down not waking up only occasional gasps,null,high,True,False,,Unresponsiveness with absent or abnormal breathing requires immediate escalation.,POLICY;HEART,needs_qualified_clinical_review
H04-1,H04,train,They are awake but struggling for breath and can only say one word at a time.,null,high,True,False,,Severe breathing difficulty remains urgent even when the person is awake.,POLICY;000,needs_qualified_clinical_review
H04-2,H04,train,not unconscious but cant breathe properly lips look blue,null,high,True,False,,Severe breathing difficulty remains urgent even when the person is awake.,POLICY;000,needs_qualified_clinical_review
H05-1,H05,train,An adult has crushing chest pressure and is covered in cold sweat.,null,high,True,False,,Severe chest pressure with sweating is a time-sensitive warning pattern.,POLICY;HEART,needs_qualified_clinical_review
H05-2,H05,train,"bad squeezing in the chest spreading to the jaw, sweaty and getting worse",null,high,True,False,,Severe chest pressure with sweating is a time-sensitive warning pattern.,POLICY;HEART,needs_qualified_clinical_review
H06-1,H06,train,Their face suddenly drooped on one side and their speech is slurred.,null,high,True,False,,Sudden speech difficulty and one-sided weakness require immediate assessment.,POLICY;STROKE,needs_qualified_clinical_review
H06-2,H06,train,cant lift one arm now and the words suddenly sound wrong,null,high,True,False,,Sudden speech difficulty and one-sided weakness require immediate assessment.,POLICY;STROKE,needs_qualified_clinical_review
H07-1,H07,train,"After eating, their tongue swelled and they started wheezing.",null,high,True,False,,Tongue or throat swelling with breathing difficulty is an emergency warning pattern.,POLICY;ALLERGY,needs_qualified_clinical_review
H07-2,H07,train,"bee sting then throat swelling, voice changed and hard to breathe",null,high,True,False,,Tongue or throat swelling with breathing difficulty is an emergency warning pattern.,POLICY;ALLERGY,needs_qualified_clinical_review
H08-1,H08,train,Blood is spurting from their leg and won't stop with pressure.,null,high,True,False,,Heavy bleeding that does not stop is an immediate danger.,POLICY;WOUND,needs_qualified_clinical_review
H08-2,H08,train,the cloth keeps soaking through with blood even while we press on the wound,null,high,True,False,,Heavy bleeding that does not stop is an immediate danger.,POLICY;WOUND,needs_qualified_clinical_review
H09-1,H09,train,They have been convulsing continuously for more than five minutes.,null,high,True,False,,An ongoing prolonged seizure needs immediate emergency assessment.,POLICY;SEIZURE,needs_qualified_clinical_review
H09-2,H09,train,"still having a fit after six minutes, it has not stopped",null,high,True,False,,An ongoing prolonged seizure needs immediate emergency assessment.,POLICY;SEIZURE,needs_qualified_clinical_review
H10-1,H10,train,"They were dancing in the sun and are now very hot, confused and staggering.",null,high,True,False,,New confusion during heat exposure is a serious warning sign.,POLICY;HEAT,needs_qualified_clinical_review
H10-2,H10,train,"overheated at Lawn Stage, not making sense and cannot walk straight",null,high,True,False,,New confusion during heat exposure is a serious warning sign.,POLICY;HEAT,needs_qualified_clinical_review
H11-1,H11,validation,They blacked out briefly and are awake again; no clinician has assessed them.,null,high,True,False,,A recent unexplained loss of consciousness still needs urgent assessment after waking.,POLICY;FAINT,needs_qualified_clinical_review
H11-2,H11,validation,"passed out in the queue, talking now but we do not know why it happened",null,high,True,False,,A recent unexplained loss of consciousness still needs urgent assessment after waking.,POLICY;FAINT,needs_qualified_clinical_review
H12-1,H12,validation,After taking an unknown substance they are hard to wake and breathing very slowly.,null,high,True,False,,Difficulty waking with slow breathing after substance use is an emergency warning pattern.,POLICY;OVERDOSE,needs_qualified_clinical_review
H12-2,H12,validation,"friend took something, barely responds now and long pauses between breaths",null,high,True,False,,Difficulty waking with slow breathing after substance use is an emergency warning pattern.,POLICY;OVERDOSE,needs_qualified_clinical_review
H13-1,H13,validation,They escaped a smoky tent and now have a hoarse voice and difficulty breathing.,null,high,True,False,,Breathing or voice changes after smoke exposure may indicate airway injury.,POLICY;BURN,needs_qualified_clinical_review
H13-2,H13,validation,"smoke inhalation near the stall, voice changed and struggling to get air",null,high,True,False,,Breathing or voice changes after smoke exposure may indicate airway injury.,POLICY;BURN,needs_qualified_clinical_review
H14-1,H14,test,Cleaning chemical splashed into their eye and they say their vision is blurred.,null,high,True,False,,Chemical exposure with eye pain or vision change requires immediate assessment.,POLICY;EYE,needs_qualified_clinical_review
H14-2,H14,test,"chemical in eye, intense burning and cannot see clearly",null,high,True,False,,Chemical exposure with eye pain or vision change requires immediate assessment.,POLICY;EYE,needs_qualified_clinical_review
H15-1,H15,test,They are breathing normally now.,"{""previous_report"": ""An adult fell down stairs, hit their head and became unresponsive."", ""previous_priority"": ""high"", ""clinician_review_completed"": false}",high,True,True,Has a qualified clinician reassessed the earlier loss of consciousness?,A reassuring update does not clear the unresolved serious head-injury report.,POLICY;HEAD,needs_qualified_clinical_review
H15-2,H15,test,"awake again and talking, can you mark this low now","{""previous_report"": ""An adult fell down stairs, hit their head and became unresponsive."", ""previous_priority"": ""high"", ""clinician_review_completed"": false}",high,True,True,Has a qualified clinician reassessed the earlier loss of consciousness?,A reassuring update does not clear the unresolved serious head-injury report.,POLICY;HEAD,needs_qualified_clinical_review
M01-1,M01,train,"Twisted ankle, moderate swelling, cannot comfortably bear weight; toes feel normal and there is no deformity.",null,medium,False,False,,An ankle injury limiting walking needs prompt assessment without stated emergency signs.,POLICY;SPRAIN,needs_qualified_clinical_review
M01-2,M01,train,"rolled an ankle, walking hurts too much, foot warm and normal colour, no other injury",null,medium,False,False,,An ankle injury limiting walking needs prompt assessment without stated emergency signs.,POLICY;SPRAIN,needs_qualified_clinical_review
M02-1,M02,train,"Wrist pain and swelling after a minor trip; no head injury, deformity, numbness or colour change.",null,medium,False,False,,A possible stable limb injury needs assessment despite preserved circulation and sensation.,POLICY;FRACTURE,needs_qualified_clinical_review
M02-2,M02,train,"sore swollen wrist after tripping, fingers warm and moving, no severe pain or other injury",null,medium,False,False,,A possible stable limb injury needs assessment despite preserved circulation and sensation.,POLICY;FRACTURE,needs_qualified_clinical_review
M03-1,M03,train,A cut on the forearm has stopped bleeding but its edges remain apart; they feel otherwise well.,null,medium,False,False,,A gaping wound needs prompt professional assessment even after bleeding stops.,POLICY;WOUND,needs_qualified_clinical_review
M03-2,M03,train,"arm cut looks gaping, bleeding controlled, awake and not dizzy",null,medium,False,False,,A gaping wound needs prompt professional assessment even after bleeding stops.,POLICY;WOUND,needs_qualified_clinical_review
M04-1,M04,train,"Bumped their head on a low beam; alert, no blackout, vomiting or severe headache, with mild local soreness.",null,medium,False,False,,A recent minor head impact needs assessment and observation despite reported reassuring signs.,POLICY;HEAD,needs_qualified_clinical_review
M04-2,M04,train,"small head bump on a doorway, remembers everything, talking normally and no other symptoms",null,medium,False,False,,A recent minor head impact needs assessment and observation despite reported reassuring signs.,POLICY;HEAD,needs_qualified_clinical_review
M05-1,M05,train,"Hot and weak after queueing in the sun; fully alert, drinking normally, no confusion or fainting.",null,medium,False,False,,Heat-related weakness without confusion or fainting needs prompt assessment.,POLICY;HEAT,needs_qualified_clinical_review
M05-2,M05,train,"tired and sweaty from the heat, talking normally, can drink and has not passed out",null,medium,False,False,,Heat-related weakness without confusion or fainting needs prompt assessment.,POLICY;HEAT,needs_qualified_clinical_review
M06-1,M06,train,"An adult vomited three times this morning; alert, sipping water, no blood, severe pain or headache.",null,medium,False,False,,Repeated vomiting warrants assessment despite current ability to drink and stay alert.,POLICY;VOMIT,needs_qualified_clinical_review
M06-2,M06,train,"keeps being sick but can keep small drinks down, no severe tummy pain, blood or confusion",null,medium,False,False,,Repeated vomiting warrants assessment despite current ability to drink and stay alert.,POLICY;VOMIT,needs_qualified_clinical_review
M07-1,M07,train,"Adult with recurring moderate stomach cramps; no severe pain, bleeding, pregnancy possibility, fever or faintness.",null,medium,False,False,,Recurring abdominal discomfort needs assessment with no stated emergency features.,POLICY;ABDOMEN,needs_qualified_clinical_review
M07-2,M07,train,"moderate tummy cramps keep coming back, otherwise well, no blood or severe symptoms and not pregnant",null,medium,False,False,,Recurring abdominal discomfort needs assessment with no stated emergency features.,POLICY;ABDOMEN,needs_qualified_clinical_review
M08-1,M08,train,"Their third small nosebleed today has stopped; adult feels well, no injury and no blood thinners.",null,medium,False,False,,Frequent nosebleeds warrant review even when the current bleeding has stopped.,POLICY;NOSE,needs_qualified_clinical_review
M08-2,M08,train,"nose keeps bleeding briefly today, stopped again now, no dizziness, trauma or anticoagulants",null,medium,False,False,,Frequent nosebleeds warrant review even when the current bleeding has stopped.,POLICY;NOSE,needs_qualified_clinical_review
M09-1,M09,train,"A small tea scald on the adult's forearm has a blister; not deep, no hand, face or airway involvement.",null,medium,False,False,,A small blistering scald needs assessment without reported high-risk burn features.,POLICY;BURN,needs_qualified_clinical_review
M09-2,M09,train,"little hot-water burn with blister on forearm, moderate pain, normal skin colour around it, no other injury",null,medium,False,False,,A small blistering scald needs assessment without reported high-risk burn features.,POLICY;BURN,needs_qualified_clinical_review
M10-1,M10,train,"Dust blew into an eye and irritation persists; vision is normal, no chemical or high-speed object involved.",null,medium,False,False,,Persistent irritation after dust exposure needs review despite unchanged vision.,POLICY;EYE,needs_qualified_clinical_review
M10-2,M10,train,"gritty eye after windblown dust, still uncomfortable, sees normally and no chemical exposure",null,medium,False,False,,Persistent irritation after dust exposure needs review despite unchanged vision.,POLICY;EYE,needs_qualified_clinical_review
M11-1,M11,validation,"Adult has had fever for four days; alert, breathing normally, no stiff neck, severe headache, rash or immune suppression.",null,medium,False,False,,Persistent fever warrants clinical assessment without reported emergency features.,POLICY;FEVER,needs_qualified_clinical_review
M11-2,M11,validation,"fourth day of fever not improving, otherwise stable adult, no confusion, breathing trouble or high-risk medical history",null,medium,False,False,,Persistent fever warrants clinical assessment without reported emergency features.,POLICY;FEVER,needs_qualified_clinical_review
M12-1,M12,validation,"Someone here feels unwell, I don't know what is wrong.",null,medium,False,True,"What symptoms are present, and are they alert and breathing normally?",An unspecified current illness needs clarification rather than an unsupported low-priority label.,POLICY,needs_qualified_clinical_review
M12-2,M12,validation,"person needs medical help but i havent reached them yet, no details",null,medium,False,True,"What symptoms are present, and are they alert and breathing normally?",An unspecified current illness needs clarification rather than an unsupported low-priority label.,POLICY,needs_qualified_clinical_review
M13-1,M13,validation,"Adult still feels dizzy while seated; no chest pain, sweating, nausea, weakness, speech change, breathlessness or fainting.",null,medium,False,False,,Persistent isolated dizziness needs assessment despite the absence of reported emergency signs.,POLICY;DIZZY,needs_qualified_clinical_review
M13-2,M13,validation,"ongoing spinning feeling, alert and speaking normally, no chest symptoms, nausea, cold sweat or collapse",null,medium,False,False,,Persistent isolated dizziness needs assessment despite the absence of reported emergency signs.,POLICY;DIZZY,needs_qualified_clinical_review
M14-1,M14,test,"Yesterday's insect bite is more swollen and sore locally; no throat swelling, breathing trouble, dizziness, fever or vomiting.",null,medium,False,False,,Worsening local swelling after a bite needs assessment without systemic or airway symptoms.,POLICY;BITE,needs_qualified_clinical_review
M14-2,M14,test,"bite on the calf getting redder today, otherwise well, no allergy history or symptoms elsewhere",null,medium,False,False,,Worsening local swelling after a bite needs assessment without systemic or airway symptoms.,POLICY;BITE,needs_qualified_clinical_review
M15-1,M15,test,"Gradual moderate headache keeps interrupting work; no sudden onset, injury, fever, vomiting, weakness or vision change.",null,medium,False,False,,A persistent headache affecting activity needs assessment without stated emergency features.,POLICY;HEADACHE,needs_qualified_clinical_review
M15-2,M15,test,"headache built up slowly and is not settling, adult alert with no other symptoms or high-risk medical history",null,medium,False,False,,A persistent headache affecting activity needs assessment without stated emergency features.,POLICY;HEADACHE,needs_qualified_clinical_review
L01-1,L01,train,"Tiny paper cut, bleeding stopped, otherwise fine; asking for a plaster.",null,low,False,False,,A tiny superficial cut with stopped bleeding is a minor first-aid request.,POLICY;WOUND,needs_qualified_clinical_review
L01-2,L01,train,"small surface nick on finger, no more blood and feels well",null,low,False,False,,A tiny superficial cut with stopped bleeding is a minor first-aid request.,POLICY;WOUND,needs_qualified_clinical_review
L02-1,L02,train,"Small clean knee graze, no bleeding or pain walking, no head injury.",null,low,False,False,,A small clean superficial graze with normal function is a minor reported injury.,POLICY;WOUND,needs_qualified_clinical_review
L02-2,L02,train,"scraped the skin on a knee, walking normally and no other injury",null,low,False,False,,A small clean superficial graze with normal function is a minor reported injury.,POLICY;WOUND,needs_qualified_clinical_review
L03-1,L03,train,"One small intact heel blister from new shoes, no redness spreading or difficulty walking.",null,low,False,False,,An uncomplicated small friction blister is a routine first-aid problem.,POLICY;BLISTER,needs_qualified_clinical_review
L03-2,L03,train,"shoe rubbed a little blister, otherwise well and walking normally",null,low,False,False,,An uncomplicated small friction blister is a routine first-aid problem.,POLICY;BLISTER,needs_qualified_clinical_review
L04-1,L04,train,"Adult had a small nosebleed after blowing their nose; stopped in two minutes, no injury, dizziness or blood thinners.",null,low,False,False,,A single brief stopped nosebleed with reassuring context is a minor reported problem.,POLICY;NOSE,needs_qualified_clinical_review
L04-2,L04,train,"tiny nosebleed stopped quickly, first one today, otherwise fine and not taking anticoagulants",null,low,False,False,,A single brief stopped nosebleed with reassuring context is a minor reported problem.,POLICY;NOSE,needs_qualified_clinical_review
L05-1,L05,train,"Small patch of mildly red sunburn on an adult shoulder, no blisters, fever, dizziness or illness.",null,low,False,False,,Mild limited sunburn without blistering or systemic symptoms is a minor reported problem.,POLICY;SUN,needs_qualified_clinical_review
L05-2,L05,train,"a little pink skin from the sun, mild soreness only, feels completely well",null,low,False,False,,Mild limited sunburn without blistering or systemic symptoms is a minor reported problem.,POLICY;SUN,needs_qualified_clinical_review
L06-1,L06,train,"Single itchy mosquito bite, tiny bump, no spreading swelling, allergy history or symptoms elsewhere.",null,low,False,False,,A small local itchy bite without allergy or systemic features is minor as reported.,POLICY;BITE,needs_qualified_clinical_review
L06-2,L06,train,"one small mozzie bite just itchy, breathing normal and otherwise fine",null,low,False,False,,A small local itchy bite without allergy or systemic features is minor as reported.,POLICY;BITE,needs_qualified_clinical_review
L07-1,L07,train,"Ankle mildly sore after walking, no injury, swelling or numbness, walking normally.",null,low,False,False,,Mild ankle soreness with normal walking and no warning signs is low operational priority.,POLICY;SPRAIN,needs_qualified_clinical_review
L07-2,L07,train,"slight ankle ache, can walk as usual, no trauma or other symptoms",null,low,False,False,,Mild ankle soreness with normal walking and no warning signs is low operational priority.,POLICY;SPRAIN,needs_qualified_clinical_review
L08-1,L08,train,"Both legs mildly achy after dancing, already improving; no swelling, injury, weakness or other symptoms.",null,low,False,False,,Mild improving muscle soreness after activity has reassuring reported features.,POLICY;SPRAIN,needs_qualified_clinical_review
L08-2,L08,train,"ordinary muscle soreness after activity, moving normally and feels better with rest",null,low,False,False,,Mild improving muscle soreness after activity has reassuring reported features.,POLICY;SPRAIN,needs_qualified_clinical_review
L09-1,L09,train,"Mild familiar headache improving after rest; no injury, fever, sudden onset, vomiting, vision change or weakness.",null,low,False,False,,A mild familiar improving headache with explicit reassuring features is low operational priority.,POLICY;HEADACHE,needs_qualified_clinical_review
L09-2,L09,train,"usual small headache fading now, alert and otherwise well, no unusual symptoms",null,low,False,False,,A mild familiar improving headache with explicit reassuring features is low operational priority.,POLICY;HEADACHE,needs_qualified_clinical_review
L10-1,L10,train,"Usual mild hay fever: sneezing and itchy eyes, no wheeze, breathlessness or swelling.",null,low,False,False,,Familiar mild nasal allergy symptoms without breathing or swelling problems are low priority.,POLICY;HAYFEVER,needs_qualified_clinical_review
L10-2,L10,train,"normal seasonal sniffles, otherwise fine, breathing comfortably and no throat swelling",null,low,False,False,,Familiar mild nasal allergy symptoms without breathing or swelling problems are low priority.,POLICY;HAYFEVER,needs_qualified_clinical_review
L11-1,L11,validation,"Brief mild nausea after a car ride is completely gone; alert, drinking normally, no pain, vomiting or other symptoms.",null,low,False,False,,Brief mild nausea that has fully resolved has no current warning features in this report.,POLICY;VOMIT,needs_qualified_clinical_review
L11-2,L11,validation,"felt a little travel sick earlier, fully well now with no remaining symptoms",null,low,False,False,,Brief mild nausea that has fully resolved has no current warning features in this report.,POLICY;VOMIT,needs_qualified_clinical_review
L12-1,L12,validation,"I fell months ago but fully recovered after treatment; no current symptoms, just asking where first aid is.",null,low,False,False,,An explicitly healed historical injury does not describe a current emergency.,POLICY,needs_qualified_clinical_review
L12-2,L12,validation,"old injury already healed, nobody is hurt now, only need directions to the medical tent",null,low,False,False,,An explicitly healed historical injury does not describe a current emergency.,POLICY,needs_qualified_clinical_review
L13-1,L13,validation,This is only a training script saying someone is unconscious; there is no real patient.,null,low,False,False,,An explicitly fictional training scenario reports no currently injured person.,POLICY,needs_qualified_clinical_review
L13-2,L13,validation,"quoting a practice scenario about not breathing, nobody here is actually unwell",null,low,False,False,,An explicitly fictional training scenario reports no currently injured person.,POLICY,needs_qualified_clinical_review
L14-1,L14,test,We're dying of laughter at the show; everyone is well and nobody needs medical help.,null,low,False,False,,Explicit figurative language with stated well-being is not a literal report of dying.,POLICY,needs_qualified_clinical_review
L14-2,L14,test,"dying of boredom is just an expression, no illness or injury here",null,low,False,False,,Explicit figurative language with stated well-being is not a literal report of dying.,POLICY,needs_qualified_clinical_review
L15-1,L15,test,Can we get spare plasters for the stall's kit? Nobody is injured.,null,low,False,False,,A routine supplies request without an injured or unwell person is nonurgent.,POLICY,needs_qualified_clinical_review
L15-2,L15,test,"just checking where first aid is, no patient and no emergency",null,low,False,False,,A routine supplies request without an injured or unwell person is nonurgent.,POLICY,needs_qualified_clinical_review
